OC ID,Expected Ready Time (Timestamp),Expected Ready Time (UTC),Executed Time (Timestamp),Executed Time (UTC),Delaying Faction Member(s)
1890150,1784255191,2026-07-17 02:26:31 TCT,1784269329,2026-07-17 06:22:09 TCT,"TheBakerGirl [3444238] (Missing Item (Okay, Req: Polymorphic Virus ❌))"
1895488,1784382073,2026-07-18 13:41:13 TCT,1784382850,2026-07-18 13:54:10 TCT,"LostMaster [2908780] (Traveling (Traveling from South Africa to Torn, Req: Zip Ties ✅))"
1895491,1784381923,2026-07-18 13:38:43 TCT,1784392211,2026-07-18 16:30:11 TCT,"Kainaan87 [2852623] (Traveling (Traveling from South Africa to Torn, Req: Ipecac Syrup ✅)); LilLoaf [3538297] (Hospital (In hospital for 2 mins , Req: Bolt Cutters ✅)); Frost2211 [3750471] (Hospital (In hospital for 36 secs, Req: Thermite ✅))"
1889191,1784511759,2026-07-20 01:42:39 TCT,1784534166,2026-07-20 07:56:06 TCT,"mvladimir0 [4192127] (Traveling (Traveling from China to Torn, Req: Jemmy ✅)); MaxwellKIngsley [4281868] (Traveling (Traveling from Cayman Islands to Torn, Req: Jemmy ✅))"
1890143,1784552628,2026-07-20 13:03:48 TCT,1784552888,2026-07-20 13:08:08 TCT,"Babar0ga [4240705] (Hospital (In hospital for 18 mins , Req: Construction Helmet ✅))"
1916706,1784644694,2026-07-21 14:38:14 TCT,1784655728,2026-07-21 17:42:08 TCT,JoshTorn [3967433] (Traveling (Traveling from Canada to Torn))
1919972,1784999156,2026-07-25 17:05:56 TCT,1785009614,2026-07-25 20:00:14 TCT,"Ferhangi [4210853] (Hospital (In hospital for 2 hrs 5 mins )); EcoWarrior [3916682] (Traveling (Traveling from Canada to Torn)); AstrokidXO [4282761] (Hospital (In hospital for 3 mins , Req: Police Badge ✅))"
1889193,1784935500,2026-07-24 23:25:00 TCT,1785032886,2026-07-26 02:28:06 TCT,"Muggo97 [4186333] (Missing Item (Okay, Req: Construction Helmet ❌)); Unknown User [4276639] (Error (Error fetching status)); Unknown User [4240705] (Error (Error fetching status)); ShaZaf [3968119] (Missing Item (Okay, Req: ID Badge ❌)); UntimelyDemise [4211790] (Hospital (In hospital for 4 hrs 33 mins , Req: ID Badge ✅)); Unknown User [3921258] (Error (Error fetching status))"
1951583,1785551501,2026-08-01 02:31:41 TCT,1785552610,2026-08-01 02:50:10 TCT,MaxwellKIngsley [4281868] (Traveling (Traveling from United Kingdom to Torn))
1951584,1785551859,2026-08-01 02:37:39 TCT,1785553215,2026-08-01 03:00:15 TCT,"LostMaster [2908780] (Traveling (Traveling from South Africa to Torn, Req: Wire Cutters ✅))"
1973015,1785755210,2026-08-03 11:06:50 TCT,1785774490,2026-08-03 16:28:10 TCT,"Knightstalker76 [4275057] (Traveling (Traveling from South Africa to Torn)); GuapboyTee [4228306] (Hospital (In hospital for 35 secs, Req: ATM Key ✅))"
1965002,1785782045,2026-08-03 18:34:05 TCT,1785782110,2026-08-03 18:35:10 TCT,Unknown (Missing Data)
1953351,1785791325,2026-08-03 21:08:45 TCT,1785794527,2026-08-03 22:02:07 TCT,"Lasdo [4238713] (Missing Item (Okay, Req: ID Badge ❌))"
1973016,1785872744,2026-08-04 19:45:44 TCT,1785873968,2026-08-04 20:06:08 TCT,MaxwellKIngsley [4281868] (Traveling (Traveling from China to Torn))
1973024,1785904793,2026-08-05 04:39:53 TCT,1785906609,2026-08-05 05:10:09 TCT,"Kainaan87 [2852623] (Traveling (Traveling from UAE to Torn, Req: Thermite ✅))"
1951582,1785969606,2026-08-05 22:40:06 TCT,1785969725,2026-08-05 22:42:05 TCT,Unknown (Missing Data))
1973033,1785995217,2026-08-06 05:46:57 TCT,1786007587,2026-08-06 09:13:07 TCT,"DreadsMagic [4271105] (Traveling (Traveling from South Africa to Torn)); Aluichi [3921258] (Traveling (Traveling from South Africa to Torn, Req: Gasoline ✅))"
1973032,1786034654,2026-08-06 16:44:14 TCT,1786046286,2026-08-06 19:58:06 TCT,"Knightstalker76 [4275057] (Traveling (Traveling from UAE to Torn, Req: Dog Treats ✅)); GuapboyTee [4228306] (Hospital (In hospital for 3 mins , Req: Lockpicks ✅))"
1990585,1786083125,2026-08-07 06:12:05 TCT,1786092312,2026-08-07 08:45:12 TCT,"JoshTorn [3967433] (Traveling (Traveling from United Kingdom to Torn)); Tonywrinkles [2756363] (Missing Item (Okay, Req: Billfold ❌))"
2000717,1786231082,2026-08-08 23:18:02 TCT,1786231813,2026-08-08 23:30:13 TCT,zazadestroyer [4344614] (Traveling (Traveling from China to Torn))
2000722,1786503337,2026-08-12 02:55:37 TCT,1786506609,2026-08-12 03:50:09 TCT,"DreadsMagic [4271105] (Traveling (Traveling from China to Torn, Req: ID Badge ✅)); Aluichi [3921258] (Traveling (Traveling from Cayman Islands to Torn))"
2016856,1786640357,2026-08-13 16:59:17 TCT,1786648212,2026-08-13 19:10:12 TCT,"Ferhangi [4210853] (Missing Item (Okay, Req: ID Badge ❌)); Lasdo [4238713] (Missing Item (Okay, Req: ATM Key ❌))"
2024053,1786812111,2026-08-15 16:41:51 TCT,1786820833,2026-08-15 19:07:13 TCT,zazadestroyer [4344614] (Traveling (Traveling from China to Torn))
2021989,1786876559,2026-08-16 10:35:59 TCT,1786884970,2026-08-16 12:56:10 TCT,"Lasdo [4238713] (Traveling (Traveling from Switzerland to Torn, Req: DSLR Camera ✅)); Aluichi [3921258] (Traveling (Traveling from South Africa to Torn))"
2034661,1786910495,2026-08-16 20:01:35 TCT,1786911254,2026-08-16 20:14:14 TCT,"DG_Lucas [4228689] (Hospital (In hospital for 2 mins , Req: Lockpicks ✅))"
2034657,1786912637,2026-08-16 20:37:17 TCT,1786916773,2026-08-16 21:46:13 TCT,"MaxwellKIngsley [4281868] (Missing Item (Okay, Req: ID Badge ❌)); Ferhangi [4210853] (Missing Item (Okay, Req: ATM Key ❌))"
2024051,1786979382,2026-08-17 15:09:42 TCT,1786979589,2026-08-17 15:13:09 TCT,Babar0ga [4240705] (Traveling (Traveling from United Kingdom to Torn))
2042523,1787060525,2026-08-18 13:42:05 TCT,1787060589,2026-08-18 13:43:09 TCT,Unknown (Missing Data)
2042527,1787149400,2026-08-19 14:23:20 TCT,1787150830,2026-08-19 14:47:10 TCT,"LostMaster [2908780] (Traveling (Traveling from Japan to Torn, Req: Wireless Dongle ✅))"
2042365,1787261854,2026-08-20 21:37:34 TCT,1787262068,2026-08-20 21:41:08 TCT,Unknown (Missing Data)
2042368,1787301531,2026-08-21 08:38:51 TCT,1787345710,2026-08-21 20:55:10 TCT,"DreadsMagic [4271105] (Traveling (Traveling from China to Torn, Req: Construction Helmet ✅)); zazadestroyer [4344614] (Traveling (Traveling from China to Torn)); Lasdo [4238713] (Traveling (Traveling from Canada to Torn, Req: ID Badge ✅))"
2042366,1787420886,2026-08-22 17:48:06 TCT,1787420949,2026-08-22 17:49:09 TCT,Unknown (Missing Data)
